"ID","v36a","nome","cpf"
"1","1: 85 | 2: 85" ,"páulo","123456789-10"
"2","1: 87 | 2: 87" ,"joão","123456789-10"
"3","1: 85 | 2: 85" ,"gabriel","123456789-10"
"4","1: 86 | 2: 86 | 3: 87" ,"regina","123456789-10"
"5","1: 85","alguém","123456789-10"
"6","1: 87","rosana","123456789-10"
"7","1: 85 | 2: 85 | 3: 87 | 4: 87","alguem","123456789-10"
"8","1: 86 | 2: 87 | 3: 86 | 4: 87" ,"alguem","123456789-10"
"9","1: 86 | 2: 86 | 3: 87","alguem","123456789-10"
