ID,v36a_1a,v36a_1b,v36a_2a,v36a_2b,v36a_3a,v36a_3b,v36a_4a,v36a_4b
1,1,85,2,85,,,,
2,1,87,2,87,,,,
3,1,85,2,85,,,,
4,1,86,2,86,3,87,,
5,1,85,,,,,,
6,1,87,,,,,,
7,1,85,2,85,3,87,4,87
8,1,86,2,87,3,86,4,87
9,1,86,2,86,3,87,,
