ID,nome,cpf,v36a_1a,v36a_1b,v36a_2a,v36a_2b,v36a_3a,v36a_3b,v36a_4a,v36a_4b
1,páulo,123456789-10,1,85,2,85,,,,
2,joão,123456789-10,1,87,2,87,,,,
3,gabriel,123456789-10,1,85,2,85,,,,
4,regina,123456789-10,1,86,2,86,3,87,,
5,alguém,123456789-10,1,85,,,,,,
6,rosana,123456789-10,1,87,,,,,,
7,alguem,123456789-10,1,85,2,85,3,87,4,87
8,alguem,123456789-10,1,86,2,87,3,86,4,87
9,alguem,123456789-10,1,86,2,86,3,87,,
